datetime,open,high,low,close,volume
2026-02-22T23:00:00,104.4375,104.4453125,104.4296875,104.43359375,2249
2026-02-23T00:00:00,104.43359375,104.46484375,104.43359375,104.4609375,1758
2026-02-23T01:00:00,104.46484375,104.4765625,104.46484375,104.4765625,2258
2026-02-23T02:00:00,104.4765625,104.484375,104.47265625,104.4765625,2657
2026-02-23T03:00:00,104.4765625,104.48046875,104.4765625,104.4765625,971
2026-02-23T04:00:00,104.4765625,104.48046875,104.4765625,104.48046875,6628
2026-02-23T05:00:00,104.48046875,104.48046875,104.4765625,104.4765625,475
2026-02-23T06:00:00,104.4765625,104.48046875,104.46484375,104.46484375,1234
2026-02-23T07:00:00,104.46484375,104.46875,104.4609375,104.46484375,3559
2026-02-23T08:00:00,104.46875,104.46875,104.4453125,104.453125,6776
2026-02-23T09:00:00,104.453125,104.45703125,104.4453125,104.44921875,3385
2026-02-23T10:00:00,104.453125,104.46484375,104.44921875,104.4609375,4721
2026-02-23T11:00:00,104.4609375,104.46484375,104.44921875,104.44921875,9250
2026-02-23T12:00:00,104.44921875,104.4609375,104.44140625,104.44921875,8967
2026-02-23T13:00:00,104.44921875,104.4765625,104.4375,104.45703125,28168
2026-02-23T14:00:00,104.45703125,104.4609375,104.4375,104.453125,26010
2026-02-23T15:00:00,104.45703125,104.4921875,104.453125,104.4921875,25335
2026-02-23T16:00:00,104.4921875,104.51953125,104.48828125,104.51953125,40778
2026-02-23T17:00:00,104.51953125,104.5390625,104.51171875,104.5234375,40936
2026-02-23T18:00:00,104.52734375,104.53125,104.51171875,104.52734375,13999
2026-02-23T19:00:00,104.52734375,104.5390625,104.5234375,104.53515625,31926
2026-02-23T20:00:00,104.53125,104.5390625,104.52734375,104.53515625,24504
2026-02-23T21:00:00,104.53125,104.53515625,104.5234375,104.5234375,15171
2026-02-23T23:00:00,104.52734375,104.5390625,104.51953125,104.51953125,4980
2026-02-24T00:00:00,104.5234375,104.5234375,104.51171875,104.51171875,3068
2026-02-24T01:00:00,104.51171875,104.51171875,104.50390625,104.5078125,2388
2026-02-24T02:00:00,104.5078125,104.51171875,104.5,104.50390625,3892
2026-02-24T03:00:00,104.5,104.5078125,104.5,104.5,2362
2026-02-24T04:00:00,104.5,104.50390625,104.5,104.50390625,625
2026-02-24T05:00:00,104.5,104.50390625,104.49609375,104.50390625,985
2026-02-24T06:00:00,104.50390625,104.50390625,104.5,104.50390625,739
2026-02-24T07:00:00,104.50390625,104.5078125,104.4921875,104.49609375,6678
2026-02-24T08:00:00,104.5,104.5078125,104.4921875,104.50390625,15686
2026-02-24T09:00:00,104.50390625,104.5078125,104.5,104.50390625,12785
2026-02-24T10:00:00,104.5078125,104.5078125,104.49609375,104.5,5915
2026-02-24T11:00:00,104.50390625,104.5078125,104.49609375,104.50390625,5596
2026-02-24T12:00:00,104.50390625,104.51953125,104.4921875,104.51171875,17881
2026-02-24T13:00:00,104.51171875,104.51171875,104.47265625,104.47265625,47020
2026-02-24T14:00:00,104.47265625,104.51171875,104.46875,104.484375,44175
2026-02-24T15:00:00,104.48046875,104.48828125,104.4609375,104.47265625,50934
2026-02-24T16:00:00,104.47265625,104.4921875,104.46875,104.4921875,27083
2026-02-24T17:00:00,104.4921875,104.4921875,104.46875,104.48046875,29841
2026-02-24T18:00:00,104.48046875,104.484375,104.47265625,104.484375,21852
2026-02-24T19:00:00,104.484375,104.48828125,104.4765625,104.48828125,24479
2026-02-24T20:00:00,104.484375,104.48828125,104.47265625,104.4765625,28475
2026-02-24T21:00:00,104.4765625,104.48046875,104.46875,104.47265625,15009
2026-02-24T23:00:00,104.4765625,104.484375,104.47265625,104.48046875,3581
2026-02-25T00:00:00,104.48046875,104.4921875,104.46875,104.46875,9564
2026-02-25T01:00:00,104.46875,104.47265625,104.46484375,104.46875,4479
2026-02-25T02:00:00,104.46484375,104.46875,104.45703125,104.45703125,4797
2026-02-25T03:00:00,104.45703125,104.46484375,104.453125,104.45703125,15230
2026-02-25T04:00:00,104.45703125,104.45703125,104.453125,104.45703125,1273
2026-02-25T05:00:00,104.45703125,104.4609375,104.453125,104.45703125,2635
2026-02-25T06:00:00,104.45703125,104.46484375,104.453125,104.45703125,3768
2026-02-25T07:00:00,104.45703125,104.46484375,104.453125,104.46484375,4965
2026-02-25T08:00:00,104.4609375,104.46484375,104.4453125,104.44921875,12031
2026-02-25T09:00:00,104.4453125,104.44921875,104.4375,104.4375,19461
2026-02-25T10:00:00,104.4375,104.44140625,104.42578125,104.4375,11691
2026-02-25T11:00:00,104.43359375,104.4375,104.4296875,104.43359375,12381
2026-02-25T12:00:00,104.43359375,104.4375,104.421875,104.421875,18320
2026-02-25T13:00:00,104.42578125,104.4375,104.41796875,104.4375,36858
2026-02-25T14:00:00,104.4375,104.44140625,104.41796875,104.41796875,46436
2026-02-25T15:00:00,104.421875,104.453125,104.421875,104.44140625,68531
2026-02-25T16:00:00,104.44140625,104.453125,104.4375,104.44921875,38430
2026-02-25T17:00:00,104.44921875,104.46484375,104.4453125,104.44921875,49761
2026-02-25T18:00:00,104.4453125,104.44921875,104.43359375,104.43359375,27095
2026-02-25T19:00:00,104.4375,104.4453125,104.43359375,104.44140625,40943
2026-02-25T20:00:00,104.4453125,104.44921875,104.4375,104.4453125,58059
2026-02-25T21:00:00,104.4453125,104.44921875,104.42578125,104.4375,32274
2026-02-25T23:00:00,104.44140625,104.45703125,104.4375,104.45703125,5124
2026-02-26T00:00:00,104.453125,104.45703125,104.44921875,104.44921875,4073
2026-02-26T01:00:00,104.44921875,104.46484375,104.4453125,104.46484375,6044
2026-02-26T02:00:00,104.46484375,104.47265625,104.4609375,104.46484375,2860
2026-02-26T03:00:00,104.46484375,104.46484375,104.453125,104.453125,6594
2026-02-26T04:00:00,104.453125,104.45703125,104.44921875,104.453125,2752
2026-02-26T05:00:00,104.44921875,104.453125,104.44921875,104.453125,1185
2026-02-26T06:00:00,104.453125,104.46484375,104.453125,104.46484375,8461
2026-02-26T07:00:00,104.46484375,104.46875,104.45703125,104.45703125,9010
2026-02-26T08:00:00,104.4609375,104.4609375,104.4453125,104.44921875,10157
2026-02-26T09:00:00,104.44921875,104.45703125,104.4453125,104.44921875,8849
2026-02-26T10:00:00,104.44921875,104.453125,104.44140625,104.453125,6578
2026-02-26T11:00:00,104.453125,104.45703125,104.44140625,104.44140625,10562
2026-02-26T12:00:00,104.4453125,104.453125,104.44140625,104.44921875,11306
2026-02-26T13:00:00,104.44921875,104.46484375,104.42578125,104.43359375,71914
2026-02-26T14:00:00,104.43359375,104.48828125,104.4296875,104.48046875,110566
2026-02-26T15:00:00,104.4765625,104.51171875,104.46875,104.4765625,124868
2026-02-26T16:00:00,104.4765625,104.4921875,104.46875,104.484375,58737
2026-02-26T17:00:00,104.48046875,104.50390625,104.4765625,104.5,78216
2026-02-26T18:00:00,104.5,104.51171875,104.484375,104.4921875,68012
2026-02-26T19:00:00,104.49609375,104.5,104.48046875,104.49609375,36089
2026-02-26T20:00:00,104.49609375,104.515625,104.4921875,104.5078125,42591
2026-02-26T21:00:00,104.51171875,104.53125,104.5078125,104.5234375,72285
2026-02-26T23:00:00,104.53125,104.5546875,104.5234375,104.55078125,22293
2026-02-27T00:00:00,104.55078125,104.5546875,104.5390625,104.55078125,28795
2026-02-27T01:00:00,104.55078125,104.5546875,104.54296875,104.55078125,12645
2026-02-27T02:00:00,104.546875,104.55078125,104.54296875,104.54296875,8117
2026-02-27T03:00:00,104.54296875,104.546875,104.5390625,104.54296875,5780
2026-02-27T04:00:00,104.54296875,104.55859375,104.54296875,104.55859375,4320
2026-02-27T05:00:00,104.5546875,104.55859375,104.546875,104.55078125,2272
2026-02-27T06:00:00,104.55078125,104.5546875,104.546875,104.55078125,8256
2026-02-27T07:00:00,104.5546875,104.5546875,104.5390625,104.5390625,11298
2026-02-27T08:00:00,104.5390625,104.55859375,104.5390625,104.55078125,42000
2026-02-27T09:00:00,104.55078125,104.578125,104.546875,104.57421875,57718
2026-02-27T10:00:00,104.57421875,104.5859375,104.5703125,104.5859375,27961
2026-02-27T11:00:00,104.58203125,104.58984375,104.57421875,104.578125,29693
2026-02-27T12:00:00,104.578125,104.59375,104.57421875,104.58984375,40546
2026-02-27T13:00:00,104.58984375,104.59375,104.55859375,104.56640625,128057
2026-02-27T14:00:00,104.5625,104.6015625,104.55859375,104.5859375,91619
2026-02-27T15:00:00,104.5859375,104.59375,104.56640625,104.58203125,69525
2026-02-27T16:00:00,104.5859375,104.58984375,104.57421875,104.58984375,82800
2026-02-27T17:00:00,104.5859375,104.6015625,104.578125,104.59765625,70964
2026-02-27T18:00:00,104.6015625,104.625,104.59765625,104.625,66115
2026-02-27T19:00:00,104.625,104.64453125,104.62109375,104.63671875,97575
2026-02-27T20:00:00,104.6328125,104.640625,104.609375,104.6171875,181060
2026-02-27T21:00:00,104.6171875,104.6328125,104.609375,104.62890625,108557
2026-03-01T23:00:00,104.75,104.75,104.60546875,104.6484375,79010
2026-03-02T00:00:00,104.6484375,104.66796875,104.6171875,104.62109375,38624
2026-03-02T01:00:00,104.62109375,104.62109375,104.58203125,104.6015625,34685
2026-03-02T02:00:00,104.6015625,104.6015625,104.5859375,104.59375,14462
2026-03-02T03:00:00,104.59375,104.59375,104.5703125,104.578125,8685
2026-03-02T04:00:00,104.578125,104.59765625,104.578125,104.59375,11045
2026-03-02T05:00:00,104.59765625,104.6171875,104.59375,104.6171875,8683
2026-03-02T06:00:00,104.62109375,104.625,104.609375,104.61328125,23522
2026-03-02T07:00:00,104.61328125,104.61328125,104.578125,104.5859375,33461
2026-03-02T08:00:00,104.5859375,104.59375,104.546875,104.5546875,62102
2026-03-02T09:00:00,104.5546875,104.5703125,104.546875,104.5703125,21710
2026-03-02T10:00:00,104.56640625,104.5859375,104.56640625,104.57421875,24081
2026-03-02T11:00:00,104.57421875,104.57421875,104.55078125,104.55078125,24653
2026-03-02T12:00:00,104.5546875,104.5546875,104.4921875,104.5078125,67096
2026-03-02T13:00:00,104.5078125,104.51171875,104.4609375,104.49609375,149747
2026-03-02T14:00:00,104.5,104.5234375,104.4765625,104.484375,112718
2026-03-02T15:00:00,104.48046875,104.48046875,104.42578125,104.4375,152948
2026-03-02T16:00:00,104.4375,104.44140625,104.40625,104.4140625,103269
2026-03-02T17:00:00,104.4140625,104.4140625,104.3828125,104.40234375,118431
2026-03-02T18:00:00,104.3984375,104.40625,104.38671875,104.40625,67994
2026-03-02T19:00:00,104.40625,104.4140625,104.39453125,104.41015625,79005
2026-03-02T20:00:00,104.41015625,104.421875,104.40625,104.41796875,59718
2026-03-02T21:00:00,104.4140625,104.4375,104.4140625,104.42578125,38170
2026-03-02T23:00:00,104.4296875,104.4375,104.4140625,104.43359375,2716
2026-03-03T00:00:00,104.43359375,104.44140625,104.41796875,104.4296875,9964
2026-03-03T01:00:00,104.42578125,104.43359375,104.41796875,104.42578125,11627
2026-03-03T02:00:00,104.42578125,104.44140625,104.421875,104.4296875,5261
2026-03-03T03:00:00,104.42578125,104.43359375,104.42578125,104.4296875,6192
2026-03-03T04:00:00,104.42578125,104.4296875,104.40234375,104.41015625,10340
2026-03-03T05:00:00,104.40625,104.41015625,104.40234375,104.40234375,7796
2026-03-03T06:00:00,104.3984375,104.40234375,104.390625,104.39453125,9731
2026-03-03T07:00:00,104.390625,104.39453125,104.35546875,104.359375,42109
2026-03-03T08:00:00,104.35546875,104.359375,104.30859375,104.32421875,86116
2026-03-03T09:00:00,104.3203125,104.32421875,104.265625,104.296875,76197
2026-03-03T10:00:00,104.296875,104.30078125,104.234375,104.23828125,69394
2026-03-03T11:00:00,104.2421875,104.265625,104.18359375,104.2421875,178030
2026-03-03T12:00:00,104.2421875,104.29296875,104.22265625,104.28515625,101117
2026-03-03T13:00:00,104.28515625,104.3125,104.26171875,104.28515625,146187
2026-03-03T14:00:00,104.28515625,104.30859375,104.25,104.30078125,174434
2026-03-03T15:00:00,104.30078125,104.3828125,104.29296875,104.33984375,219566
2026-03-03T16:00:00,104.3359375,104.3828125,104.3203125,104.359375,111506
2026-03-03T17:00:00,104.359375,104.37890625,104.35546875,104.36328125,65107
2026-03-03T18:00:00,104.359375,104.3984375,104.3515625,104.37890625,80467
2026-03-03T19:00:00,104.37890625,104.40625,104.3671875,104.375,80082
2026-03-03T20:00:00,104.375,104.38671875,104.36328125,104.37109375,50886
2026-03-03T21:00:00,104.37109375,104.375,104.3515625,104.359375,49316
2026-03-03T23:00:00,104.359375,104.36328125,104.32421875,104.3359375,10566
2026-03-04T00:00:00,104.33203125,104.37109375,104.33203125,104.359375,14780
2026-03-04T01:00:00,104.359375,104.359375,104.33984375,104.3515625,23523
2026-03-04T02:00:00,104.3515625,104.3671875,104.34765625,104.359375,14901
2026-03-04T03:00:00,104.36328125,104.375,104.359375,104.3671875,6330
2026-03-04T04:00:00,104.3671875,104.37890625,104.359375,104.359375,4390
2026-03-04T05:00:00,104.359375,104.359375,104.328125,104.3359375,10080
2026-03-04T06:00:00,104.3359375,104.3515625,104.33203125,104.33984375,12970
2026-03-04T07:00:00,104.3359375,104.3359375,104.30859375,104.33203125,29794
2026-03-04T08:00:00,104.3359375,104.3359375,104.3046875,104.31640625,30688
2026-03-04T09:00:00,104.3125,104.3203125,104.296875,104.296875,21547
2026-03-04T10:00:00,104.296875,104.35546875,104.296875,104.33984375,49961
2026-03-04T11:00:00,104.33984375,104.3515625,104.328125,104.33203125,27504
2026-03-04T12:00:00,104.33203125,104.35546875,104.32421875,104.3515625,33370
2026-03-04T13:00:00,104.3515625,104.37109375,104.33203125,104.3515625,87303
2026-03-04T14:00:00,104.3515625,104.37109375,104.33984375,104.34765625,100978
2026-03-04T15:00:00,104.34765625,104.34765625,104.30078125,104.32421875,115208
2026-03-04T16:00:00,104.32421875,104.34375,104.31640625,104.33984375,53398
2026-03-04T17:00:00,104.3359375,104.34375,104.3125,104.31640625,50554
2026-03-04T18:00:00,104.31640625,104.3203125,104.3046875,104.30859375,39409
2026-03-04T19:00:00,104.3125,104.31640625,104.28515625,104.2890625,82364
2026-03-04T20:00:00,104.28515625,104.29296875,104.27734375,104.28125,51961
2026-03-04T21:00:00,104.28125,104.28515625,104.26171875,104.26953125,39574
2026-03-04T23:00:00,104.26953125,104.2734375,104.265625,104.2734375,2201
2026-03-05T00:00:00,104.2734375,104.28125,104.26171875,104.26953125,8798
2026-03-05T01:00:00,104.26953125,104.27734375,104.265625,104.2734375,7072
2026-03-05T02:00:00,104.26953125,104.27734375,104.2578125,104.265625,18682
2026-03-05T03:00:00,104.265625,104.265625,104.25390625,104.26171875,6098
2026-03-05T04:00:00,104.26171875,104.26171875,104.25,104.25,4884
2026-03-05T05:00:00,104.25,104.25390625,104.234375,104.23828125,16894
2026-03-05T06:00:00,104.23828125,104.26171875,104.23828125,104.2578125,11940
2026-03-05T07:00:00,104.2578125,104.26171875,104.23828125,104.2421875,20395
2026-03-05T08:00:00,104.23828125,104.24609375,104.21875,104.22265625,37151
2026-03-05T09:00:00,104.22265625,104.2578125,104.22265625,104.23046875,54745
2026-03-05T10:00:00,104.23046875,104.23828125,104.21484375,104.21875,32407
2026-03-05T11:00:00,104.21484375,104.234375,104.21484375,104.22265625,26822
2026-03-05T12:00:00,104.22265625,104.23046875,104.19921875,104.20703125,65854
2026-03-05T13:00:00,104.20703125,104.2109375,104.16796875,104.1796875,130663
2026-03-05T14:00:00,104.1796875,104.21484375,104.1796875,104.20703125,178252
2026-03-05T15:00:00,104.20703125,104.2265625,104.19921875,104.20703125,117670
2026-03-05T16:00:00,104.2109375,104.2109375,104.16796875,104.17578125,80402
2026-03-05T17:00:00,104.1796875,104.1875,104.1640625,104.1796875,85835
2026-03-05T18:00:00,104.1796875,104.19921875,104.16796875,104.17578125,86190
2026-03-05T19:00:00,104.171875,104.1953125,104.16015625,104.1640625,99397
2026-03-05T20:00:00,104.16796875,104.22265625,104.1640625,104.20703125,117107
2026-03-05T21:00:00,104.203125,104.21484375,104.19140625,104.203125,59447
2026-03-05T23:00:00,104.203125,104.21484375,104.19921875,104.19921875,6265
2026-03-06T00:00:00,104.19921875,104.2109375,104.19921875,104.203125,9507
2026-03-06T01:00:00,104.203125,104.20703125,104.19140625,104.19921875,11205
2026-03-06T02:00:00,104.203125,104.20703125,104.19140625,104.203125,8339
2026-03-06T03:00:00,104.19921875,104.203125,104.19140625,104.19921875,4206
2026-03-06T04:00:00,104.19921875,104.203125,104.19921875,104.203125,2551
2026-03-06T05:00:00,104.203125,104.203125,104.19140625,104.1953125,2486
2026-03-06T06:00:00,104.1953125,104.203125,104.19140625,104.19921875,9879
2026-03-06T07:00:00,104.1953125,104.2109375,104.19140625,104.203125,27748
2026-03-06T08:00:00,104.19921875,104.19921875,104.16796875,104.16796875,24172
2026-03-06T09:00:00,104.16796875,104.16796875,104.10546875,104.11328125,68029
2026-03-06T10:00:00,104.11328125,104.14453125,104.109375,104.140625,37530
2026-03-06T11:00:00,104.140625,104.14453125,104.109375,104.1171875,55996
2026-03-06T12:00:00,104.11328125,104.13671875,104.09375,104.125,83406
2026-03-06T13:00:00,104.125,104.29296875,104.125,104.18359375,380400
2026-03-06T14:00:00,104.1796875,104.23828125,104.12109375,104.234375,279589
2026-03-06T15:00:00,104.234375,104.28125,104.19140625,104.24609375,227999
2026-03-06T16:00:00,104.24609375,104.27734375,104.22265625,104.2578125,114054
2026-03-06T17:00:00,104.2578125,104.3125,104.2421875,104.3046875,170410
2026-03-06T18:00:00,104.30078125,104.32421875,104.2890625,104.296875,77339
2026-03-06T19:00:00,104.30078125,104.3046875,104.23828125,104.2421875,107247
2026-03-06T20:00:00,104.2421875,104.25,104.2265625,104.234375,68694
2026-03-06T21:00:00,104.234375,104.25390625,104.22265625,104.234375,45002
2026-03-08T22:00:00,104.15625,104.18359375,104.109375,104.15625,41905
2026-03-08T23:00:00,104.15625,104.16796875,104.125,104.12890625,29475
2026-03-09T00:00:00,104.12890625,104.15625,104.125,104.15234375,29882
2026-03-09T01:00:00,104.15234375,104.15625,104.109375,104.11328125,46703
2026-03-09T02:00:00,104.11328125,104.12109375,104.09375,104.11328125,34209
2026-03-09T03:00:00,104.11328125,104.12109375,104.09375,104.09375,26857
2026-03-09T04:00:00,104.09375,104.09765625,104.08203125,104.0859375,6670
2026-03-09T05:00:00,104.0859375,104.1484375,104.0859375,104.1328125,37584
2026-03-09T06:00:00,104.13671875,104.14453125,104.109375,104.125,23388
2026-03-09T07:00:00,104.125,104.14453125,104.1015625,104.10546875,36664
2026-03-09T08:00:00,104.10546875,104.12109375,104.09375,104.09375,45932
2026-03-09T09:00:00,104.09375,104.15625,104.08984375,104.15234375,61657
2026-03-09T10:00:00,104.15625,104.16015625,104.1171875,104.125,29697
2026-03-09T11:00:00,104.125,104.1640625,104.12109375,104.15234375,45586
2026-03-09T12:00:00,104.15625,104.18359375,104.13671875,104.1484375,111577
2026-03-09T13:00:00,104.1484375,104.203125,104.1484375,104.16796875,102351
2026-03-09T14:00:00,104.16796875,104.171875,104.12890625,104.14453125,107343
2026-03-09T15:00:00,104.1484375,104.19921875,104.1484375,104.19140625,108486
2026-03-09T16:00:00,104.1953125,104.22265625,104.19140625,104.19921875,85986
2026-03-09T17:00:00,104.203125,104.203125,104.1796875,104.1875,61635
2026-03-09T18:00:00,104.1875,104.203125,104.16796875,104.17578125,63352
2026-03-09T19:00:00,104.17578125,104.27734375,104.16796875,104.25390625,168308
2026-03-09T20:00:00,104.25390625,104.29296875,104.2421875,104.28125,83058
2026-03-09T22:00:00,104.28125,104.2890625,104.25,104.26171875,14767
2026-03-09T23:00:00,104.26171875,104.26953125,104.2421875,104.24609375,5203
2026-03-10T00:00:00,104.24609375,104.265625,104.23828125,104.23828125,12654
2026-03-10T01:00:00,104.2421875,104.25390625,104.234375,104.25,9998
2026-03-10T02:00:00,104.25390625,104.26171875,104.23828125,104.23828125,7202
2026-03-10T03:00:00,104.23828125,104.2421875,104.21875,104.22265625,9535
2026-03-10T04:00:00,104.22265625,104.2265625,104.21875,104.2265625,4343
2026-03-10T05:00:00,104.2265625,104.2421875,104.2265625,104.234375,4800
2026-03-10T06:00:00,104.234375,104.24609375,104.234375,104.23828125,6987
2026-03-10T07:00:00,104.234375,104.3046875,104.234375,104.29296875,36502
2026-03-10T08:00:00,104.29296875,104.296875,104.25,104.25,36198
2026-03-10T09:00:00,104.25,104.29296875,104.24609375,104.27734375,27225
2026-03-10T10:00:00,104.27734375,104.27734375,104.2265625,104.25,38830
2026-03-10T11:00:00,104.25,104.26953125,104.23046875,104.234375,47193
2026-03-10T12:00:00,104.23828125,104.24609375,104.2109375,104.23828125,60618
2026-03-10T13:00:00,104.23828125,104.26953125,104.23828125,104.24609375,62634
2026-03-10T14:00:00,104.24609375,104.26953125,104.23828125,104.26171875,87648
2026-03-10T15:00:00,104.26171875,104.28515625,104.25390625,104.26953125,92567
2026-03-10T16:00:00,104.265625,104.27734375,104.25,104.25390625,55945
2026-03-10T17:00:00,104.25390625,104.265625,104.23828125,104.25,127030
2026-03-10T18:00:00,104.25,104.25390625,104.1796875,104.21875,192149
2026-03-10T19:00:00,104.21484375,104.21875,104.17578125,104.1796875,80276
2026-03-10T20:00:00,104.18359375,104.19140625,104.171875,104.17578125,65975
2026-03-10T22:00:00,104.17578125,104.1875,104.171875,104.1796875,1617
2026-03-10T23:00:00,104.1796875,104.1875,104.17578125,104.18359375,4007
2026-03-11T00:00:00,104.18359375,104.21484375,104.1796875,104.203125,13932
2026-03-11T01:00:00,104.19921875,104.20703125,104.1953125,104.20703125,8218
2026-03-11T02:00:00,104.203125,104.20703125,104.19921875,104.203125,5273
2026-03-11T03:00:00,104.203125,104.2109375,104.203125,104.20703125,4868
2026-03-11T04:00:00,104.20703125,104.20703125,104.19921875,104.203125,2143
2026-03-11T05:00:00,104.19921875,104.21484375,104.19921875,104.203125,11323
2026-03-11T06:00:00,104.203125,104.2109375,104.19921875,104.20703125,6239
2026-03-11T07:00:00,104.20703125,104.20703125,104.171875,104.1796875,22481
2026-03-11T08:00:00,104.1796875,104.18359375,104.16796875,104.1796875,24813
2026-03-11T09:00:00,104.17578125,104.17578125,104.15234375,104.15625,19866
2026-03-11T10:00:00,104.15625,104.17578125,104.15625,104.171875,19009
2026-03-11T11:00:00,104.17578125,104.1796875,104.14453125,104.14453125,44378
2026-03-11T12:00:00,104.14453125,104.19140625,104.10546875,104.11328125,187037
2026-03-11T13:00:00,104.11328125,104.1328125,104.09765625,104.10546875,100020
2026-03-11T14:00:00,104.10546875,104.1328125,104.08203125,104.1015625,105393
2026-03-11T15:00:00,104.1015625,104.1015625,104.06640625,104.0703125,107329
2026-03-11T16:00:00,104.07421875,104.08984375,104.06640625,104.078125,97643
2026-03-11T17:00:00,104.078125,104.0859375,104.0546875,104.08203125,63685
2026-03-11T18:00:00,104.08203125,104.09765625,104.078125,104.08203125,51720
2026-03-11T19:00:00,104.08203125,104.0859375,104.0625,104.06640625,45384
2026-03-11T20:00:00,104.06640625,104.0703125,104.0390625,104.04296875,54878
2026-03-11T22:00:00,104.04296875,104.05078125,103.98828125,103.99609375,24272
2026-03-11T23:00:00,103.9921875,104.0,103.9765625,103.984375,29087
2026-03-12T00:00:00,103.984375,104.01171875,103.97265625,104.0078125,22514
2026-03-12T01:00:00,104.0078125,104.03125,104.0078125,104.01953125,21671
2026-03-12T02:00:00,104.01953125,104.0234375,103.9921875,104.00390625,15408
2026-03-12T03:00:00,104.0078125,104.015625,104.0,104.0078125,5166
2026-03-12T04:00:00,104.01171875,104.015625,104.00390625,104.00390625,5265
2026-03-12T05:00:00,104.00390625,104.01953125,104.0,104.0078125,8750
2026-03-12T06:00:00,104.0078125,104.04296875,104.0078125,104.03515625,39978
2026-03-12T07:00:00,104.0390625,104.05078125,104.02734375,104.05078125,19920
2026-03-12T08:00:00,104.046875,104.05859375,104.02734375,104.0390625,28098
2026-03-12T09:00:00,104.0390625,104.0625,104.03125,104.05859375,19787
2026-03-12T10:00:00,104.0546875,104.0625,104.04296875,104.05078125,22010
2026-03-12T11:00:00,104.046875,104.078125,104.04296875,104.0703125,56406
2026-03-12T12:00:00,104.0703125,104.07421875,104.046875,104.046875,90579
2026-03-12T13:00:00,104.05078125,104.0625,103.98828125,104.0234375,156634
2026-03-12T14:00:00,104.0234375,104.02734375,103.9765625,103.98046875,122976
2026-03-12T15:00:00,103.98046875,103.98046875,103.90625,103.9296875,278675
2026-03-12T16:00:00,103.9296875,103.94140625,103.890625,103.90234375,194252
2026-03-12T17:00:00,103.90234375,103.9296875,103.86328125,103.86328125,146840
2026-03-12T18:00:00,103.86328125,103.8828125,103.83203125,103.8359375,159902
2026-03-12T19:00:00,103.8359375,103.90234375,103.82421875,103.87890625,155524
2026-03-12T20:00:00,103.875,103.8984375,103.8671875,103.87109375,117393
2026-03-12T22:00:00,103.875,103.87890625,103.84765625,103.87890625,8213
2026-03-12T23:00:00,103.875,103.88671875,103.875,103.88671875,10571
2026-03-13T00:00:00,103.88671875,103.90234375,103.88671875,103.890625,15668
2026-03-13T01:00:00,103.890625,103.9140625,103.8828125,103.88671875,30620
2026-03-13T02:00:00,103.890625,103.89453125,103.8828125,103.89453125,9709
2026-03-13T03:00:00,103.890625,103.89453125,103.8828125,103.890625,10018
2026-03-13T04:00:00,103.890625,103.89453125,103.875,103.87890625,9379
2026-03-13T05:00:00,103.87890625,103.890625,103.87890625,103.8828125,6291
2026-03-13T06:00:00,103.88671875,103.89453125,103.8671875,103.875,15967
2026-03-13T07:00:00,103.87109375,103.87109375,103.8359375,103.85546875,50763
2026-03-13T08:00:00,103.8515625,103.88671875,103.84765625,103.87890625,44112
2026-03-13T09:00:00,103.8828125,103.890625,103.8671875,103.8828125,25355
2026-03-13T10:00:00,103.8828125,103.90625,103.87109375,103.8984375,26978
2026-03-13T11:00:00,103.8984375,103.9609375,103.8984375,103.9453125,79828
2026-03-13T12:00:00,103.94140625,103.98828125,103.91015625,103.94921875,156175
2026-03-13T13:00:00,103.94921875,103.98046875,103.9453125,103.953125,96137
2026-03-13T14:00:00,103.95703125,103.96875,103.9375,103.9375,86646
2026-03-13T15:00:00,103.9375,103.9375,103.88671875,103.8984375,149565
2026-03-13T16:00:00,103.90234375,103.91015625,103.890625,103.90625,54285
2026-03-13T17:00:00,103.90625,103.91015625,103.88671875,103.8984375,84813
2026-03-13T18:00:00,103.8984375,103.90625,103.88671875,103.890625,64467
2026-03-13T19:00:00,103.890625,103.90625,103.88671875,103.8984375,66513
2026-03-13T20:00:00,103.8984375,103.92578125,103.890625,103.921875,52042
2026-03-13T21:00:00,103.92578125,103.92578125,103.92578125,103.92578125,600
2026-03-15T22:00:00,103.9140625,103.953125,103.890625,103.953125,18085
2026-03-15T23:00:00,103.953125,103.95703125,103.93359375,103.9453125,14702
2026-03-16T00:00:00,103.9453125,103.95703125,103.94140625,103.953125,15563
2026-03-16T01:00:00,103.95703125,103.9609375,103.9375,103.94140625,12792
2026-03-16T02:00:00,103.9453125,103.9453125,103.93359375,103.9375,7452
2026-03-16T03:00:00,103.94140625,103.94921875,103.93359375,103.94140625,4929
2026-03-16T04:00:00,103.94140625,103.9453125,103.93359375,103.9375,4203
2026-03-16T05:00:00,103.94140625,103.94140625,103.93359375,103.93359375,4673
2026-03-16T06:00:00,103.93359375,103.9453125,103.93359375,103.94140625,7586
2026-03-16T07:00:00,103.9375,103.9453125,103.9296875,103.94140625,15762
2026-03-16T08:00:00,103.9453125,103.9609375,103.93359375,103.9453125,23298
2026-03-16T09:00:00,103.9453125,103.97265625,103.94140625,103.9609375,19897
2026-03-16T10:00:00,103.9609375,103.97265625,103.953125,103.9609375,23312
2026-03-16T11:00:00,103.95703125,103.98828125,103.94921875,103.984375,38491
2026-03-16T12:00:00,103.984375,104.01953125,103.984375,103.99609375,94668
2026-03-16T13:00:00,104.0,104.0078125,103.98046875,104.00390625,75165
2026-03-16T15:00:00,103.97265625,103.984375,103.9609375,103.96484375,57859
2026-03-16T16:00:00,103.96484375,103.97265625,103.9453125,103.96484375,44049
2026-03-16T17:00:00,103.96484375,104.0,103.96484375,103.99609375,56542
2026-03-16T18:00:00,103.99609375,104.00390625,103.98046875,103.99609375,52919
2026-03-16T19:00:00,103.99609375,104.00390625,103.98828125,104.00390625,79752
2026-03-16T20:00:00,104.0,104.015625,104.0,104.01171875,47465
2026-03-16T22:00:00,104.015625,104.015625,104.0,104.0,6030
2026-03-16T23:00:00,104.0,104.00390625,103.99609375,104.0,2990
2026-03-17T00:00:00,104.0,104.01171875,103.99609375,103.99609375,6957
2026-03-17T01:00:00,103.9921875,103.99609375,103.98046875,103.9921875,10788
2026-03-17T02:00:00,103.9921875,103.99609375,103.98828125,103.98828125,5170
2026-03-17T03:00:00,103.98828125,104.0,103.984375,103.9921875,4551
2026-03-17T04:00:00,103.9921875,104.0,103.98828125,104.0,2699
2026-03-17T05:00:00,104.0,104.0,103.9765625,103.9765625,5238
2026-03-17T06:00:00,103.9765625,103.98046875,103.96875,103.98046875,10019
2026-03-17T07:00:00,103.98046875,103.9921875,103.9765625,103.98828125,11540
2026-03-17T08:00:00,103.98828125,104.01171875,103.98828125,104.0078125,18229
2026-03-17T09:00:00,104.0078125,104.01171875,103.9921875,104.0078125,16028
2026-03-17T10:00:00,104.0078125,104.01171875,103.99609375,103.99609375,7040
2026-03-17T11:00:00,104.0,104.03515625,103.9921875,104.01953125,47680
2026-03-17T12:00:00,104.015625,104.0390625,104.0078125,104.0234375,80117
2026-03-17T13:00:00,104.02734375,104.03125,104.0078125,104.0234375,68979
2026-03-17T14:00:00,104.02734375,104.03515625,104.015625,104.02734375,54476
2026-03-17T15:00:00,104.02734375,104.03125,104.0078125,104.015625,62285
2026-03-17T16:00:00,104.015625,104.05078125,104.0078125,104.03515625,42189
2026-03-17T17:00:00,104.03515625,104.0390625,104.01953125,104.01953125,33372
2026-03-17T18:00:00,104.01953125,104.03125,104.01171875,104.01171875,41243
2026-03-17T19:00:00,104.01171875,104.01953125,104.0078125,104.01171875,32791
2026-03-17T20:00:00,104.01171875,104.01953125,104.0,104.00390625,27536
2026-03-17T22:00:00,104.0,104.0078125,103.9921875,104.0,8331
2026-03-17T23:00:00,104.0,104.0078125,103.9921875,103.99609375,4102
2026-03-18T00:00:00,103.99609375,104.0078125,103.9921875,104.00390625,7774
2026-03-18T01:00:00,104.0,104.0078125,103.99609375,104.00390625,8760
2026-03-18T02:00:00,104.00390625,104.03125,104.00390625,104.02734375,8688
2026-03-18T03:00:00,104.03125,104.0390625,104.0234375,104.03515625,5322
2026-03-18T04:00:00,104.03125,104.0390625,104.03125,104.0390625,4845
2026-03-18T05:00:00,104.0390625,104.04296875,104.03515625,104.0390625,3510
2026-03-18T06:00:00,104.04296875,104.046875,104.03515625,104.04296875,13390
2026-03-18T07:00:00,104.0390625,104.04296875,104.02734375,104.0390625,23079
2026-03-18T08:00:00,104.0390625,104.04296875,104.02734375,104.03515625,22143
2026-03-18T09:00:00,104.03515625,104.03515625,104.015625,104.01953125,9678
2026-03-18T10:00:00,104.01953125,104.0234375,104.0078125,104.015625,30586
2026-03-18T11:00:00,104.01953125,104.01953125,103.98046875,103.99609375,45173
2026-03-18T12:00:00,103.99609375,103.99609375,103.9140625,103.9140625,201014
2026-03-18T13:00:00,103.91796875,103.93359375,103.8984375,103.921875,107317
2026-03-18T14:00:00,103.921875,103.9375,103.91796875,103.93359375,58967
2026-03-18T15:00:00,103.9375,103.9453125,103.92578125,103.93359375,67784
2026-03-18T16:00:00,103.9375,103.9453125,103.92578125,103.93359375,37322
2026-03-18T17:00:00,103.93359375,103.9375,103.91796875,103.93359375,43498
2026-03-18T18:00:00,103.93359375,103.97265625,103.859375,103.8671875,171737
2026-03-18T19:00:00,103.87109375,103.8828125,103.8046875,103.8046875,166626
2026-03-18T20:00:00,103.8046875,103.83203125,103.77734375,103.80078125,93210
2026-03-18T22:00:00,103.80078125,103.81640625,103.78515625,103.7890625,10631
2026-03-18T23:00:00,103.7890625,103.80859375,103.78515625,103.7890625,14000
2026-03-19T00:00:00,103.78515625,103.796875,103.73828125,103.75390625,50588
2026-03-19T01:00:00,103.75,103.76953125,103.7421875,103.75390625,41006
2026-03-19T02:00:00,103.75390625,103.76953125,103.7421875,103.76171875,23585
2026-03-19T03:00:00,103.765625,103.765625,103.74609375,103.75390625,17446
2026-03-19T04:00:00,103.75390625,103.75390625,103.73828125,103.7421875,12372
2026-03-19T05:00:00,103.74609375,103.75,103.73046875,103.74609375,8767
2026-03-19T06:00:00,103.7421875,103.76171875,103.73828125,103.75390625,23523
2026-03-19T07:00:00,103.75390625,103.7578125,103.7265625,103.73828125,36037
2026-03-19T08:00:00,103.7421875,103.75,103.70703125,103.71875,77979
2026-03-19T09:00:00,103.72265625,103.74609375,103.6953125,103.7421875,84020
2026-03-19T10:00:00,103.7421875,103.74609375,103.72265625,103.7265625,34668
2026-03-19T11:00:00,103.7265625,103.74609375,103.71484375,103.72265625,59916
2026-03-19T12:00:00,103.7265625,103.7265625,103.44140625,103.58203125,518604
2026-03-19T13:00:00,103.58203125,103.6953125,103.546875,103.69140625,281670
2026-03-19T14:00:00,103.6953125,103.74609375,103.6640625,103.671875,208215
2026-03-19T15:00:00,103.671875,103.71875,103.6171875,103.67578125,148962
2026-03-19T16:00:00,103.6796875,103.6953125,103.61328125,103.63671875,141644
2026-03-19T17:00:00,103.63671875,103.66796875,103.59765625,103.64453125,132631
2026-03-19T18:00:00,103.64453125,103.69140625,103.62890625,103.6875,109823
2026-03-19T19:00:00,103.6875,103.83984375,103.6875,103.765625,366487
2026-03-19T20:00:00,103.76171875,103.78125,103.73828125,103.75390625,81586
2026-03-19T22:00:00,103.76171875,103.78515625,103.7421875,103.74609375,5280
2026-03-19T23:00:00,103.7421875,103.75390625,103.73046875,103.73828125,4236
2026-03-20T00:00:00,103.7421875,103.76171875,103.73828125,103.7421875,6401
2026-03-20T01:00:00,103.7421875,103.7578125,103.7265625,103.7421875,9597
2026-03-20T02:00:00,103.73828125,103.7421875,103.703125,103.71484375,11302
2026-03-20T03:00:00,103.7109375,103.71875,103.70703125,103.7109375,4206
2026-03-20T04:00:00,103.70703125,103.71484375,103.69921875,103.69921875,4112
2026-03-20T05:00:00,103.69921875,103.703125,103.6796875,103.6875,11603
2026-03-20T06:00:00,103.6875,103.6953125,103.6640625,103.67578125,13491
2026-03-20T07:00:00,103.67578125,103.71484375,103.66796875,103.7109375,38718
2026-03-20T08:00:00,103.7109375,103.72265625,103.69140625,103.69921875,30481
2026-03-20T09:00:00,103.69921875,103.703125,103.6015625,103.609375,74415
2026-03-20T10:00:00,103.609375,103.62109375,103.5625,103.61328125,83960
2026-03-20T11:00:00,103.61328125,103.6484375,103.61328125,103.62890625,59634
2026-03-20T12:00:00,103.6328125,103.6640625,103.5859375,103.61328125,199041
2026-03-20T13:00:00,103.61328125,103.62890625,103.4921875,103.5,217704
2026-03-20T14:00:00,103.49609375,103.52734375,103.45703125,103.49609375,272307
2026-03-20T15:00:00,103.4921875,103.5546875,103.46875,103.55078125,204214
2026-03-20T16:00:00,103.546875,103.578125,103.5234375,103.53515625,127121
2026-03-20T17:00:00,103.5390625,103.5625,103.5,103.5390625,124919
2026-03-20T18:00:00,103.54296875,103.5546875,103.51953125,103.53125,105437
2026-03-20T19:00:00,103.53125,103.5546875,103.51953125,103.5234375,93231
2026-03-20T20:00:00,103.5234375,103.54296875,103.5,103.5078125,66939
2026-03-22T22:00:00,103.4453125,103.484375,103.41015625,103.4609375,35646
2026-03-22T23:00:00,103.46484375,103.47265625,103.4609375,103.46484375,15262
2026-03-23T00:00:00,103.4609375,103.484375,103.45703125,103.48046875,16732
2026-03-23T01:00:00,103.4765625,103.51953125,103.4765625,103.5,15865
2026-03-23T02:00:00,103.50390625,103.50390625,103.44921875,103.453125,9849
2026-03-23T03:00:00,103.453125,103.45703125,103.4296875,103.4375,10366
2026-03-23T04:00:00,103.4375,103.44921875,103.42578125,103.4375,9758
2026-03-23T05:00:00,103.4375,103.45703125,103.4296875,103.4296875,6603
2026-03-23T06:00:00,103.42578125,103.43359375,103.40234375,103.4140625,18994
2026-03-23T07:00:00,103.41015625,103.4296875,103.359375,103.36328125,45333
2026-03-23T08:00:00,103.359375,103.390625,103.34765625,103.37109375,64193
2026-03-23T09:00:00,103.37109375,103.3984375,103.3359375,103.33984375,39873
2026-03-23T10:00:00,103.33984375,103.34765625,103.28515625,103.30078125,70490
2026-03-23T11:00:00,103.296875,103.71875,103.29296875,103.48046875,412563
2026-03-23T12:00:00,103.4765625,103.6328125,103.41796875,103.59765625,175895
2026-03-23T13:00:00,103.6015625,103.640625,103.51953125,103.60546875,161704
2026-03-23T14:00:00,103.60546875,103.6953125,103.59765625,103.66796875,148630
2026-03-23T15:00:00,103.66796875,103.74609375,103.578125,103.5859375,170887
2026-03-23T16:00:00,103.58984375,103.62109375,103.54296875,103.609375,94007
2026-03-23T17:00:00,103.609375,103.68359375,103.59765625,103.67578125,82956
2026-03-23T18:00:00,103.67578125,103.71484375,103.6484375,103.67578125,89779
2026-03-23T19:00:00,103.67578125,103.6953125,103.64453125,103.65625,68751
2026-03-23T20:00:00,103.65625,103.6640625,103.625,103.62890625,41529
2026-03-23T22:00:00,103.62890625,103.640625,103.60546875,103.63671875,8314
2026-03-23T23:00:00,103.640625,103.64453125,103.62890625,103.64453125,5063
2026-03-24T00:00:00,103.64453125,103.66015625,103.54296875,103.5546875,37811
2026-03-24T01:00:00,103.5546875,103.5546875,103.51171875,103.51953125,24989
2026-03-24T02:00:00,103.51953125,103.55078125,103.515625,103.53515625,9012
2026-03-24T03:00:00,103.53125,103.53125,103.51953125,103.53125,3619
2026-03-24T04:00:00,103.53515625,103.53515625,103.515625,103.53125,3378
2026-03-24T05:00:00,103.52734375,103.55078125,103.52734375,103.5390625,7230
2026-03-24T06:00:00,103.5390625,103.58203125,103.53515625,103.578125,24111
2026-03-24T07:00:00,103.578125,103.625,103.56640625,103.6171875,34645
2026-03-24T08:00:00,103.6171875,103.63671875,103.58984375,103.59375,27368
2026-03-24T09:00:00,103.59375,103.59765625,103.55859375,103.5703125,22767
2026-03-24T10:00:00,103.5703125,103.59375,103.5546875,103.56640625,19548
2026-03-24T11:00:00,103.5703125,103.60546875,103.5546875,103.58203125,38798
2026-03-24T12:00:00,103.578125,103.58984375,103.5390625,103.55078125,66956
2026-03-24T13:00:00,103.55078125,103.5703125,103.48828125,103.52734375,132554
2026-03-24T14:00:00,103.53125,103.5859375,103.52734375,103.5546875,120052
2026-03-24T15:00:00,103.55078125,103.58984375,103.54296875,103.54296875,85716
2026-03-24T16:00:00,103.54296875,103.5703125,103.51953125,103.51953125,73997
2026-03-24T17:00:00,103.5234375,103.5234375,103.4140625,103.4765625,198700
2026-03-24T18:00:00,103.48046875,103.5,103.4375,103.48828125,89856
2026-03-24T19:00:00,103.48828125,103.515625,103.48046875,103.48828125,60128
2026-03-24T20:00:00,103.484375,103.625,103.45703125,103.5546875,203646
2026-03-24T22:00:00,103.5546875,103.609375,103.546875,103.5859375,15796
2026-03-24T23:00:00,103.58984375,103.58984375,103.57421875,103.5859375,10115
2026-03-25T00:00:00,103.5859375,103.625,103.578125,103.6015625,28931
2026-03-25T01:00:00,103.59765625,103.625,103.59375,103.59765625,18282
2026-03-25T02:00:00,103.59765625,103.609375,103.58203125,103.58984375,9781
2026-03-25T03:00:00,103.58984375,103.62109375,103.58984375,103.6015625,13487
2026-03-25T04:00:00,103.6015625,103.625,103.6015625,103.61328125,6719
2026-03-25T05:00:00,103.609375,103.609375,103.58203125,103.58203125,11343
2026-03-25T06:00:00,103.58203125,103.5859375,103.5546875,103.56640625,11669
2026-03-25T07:00:00,103.5625,103.59375,103.55859375,103.578125,17100
2026-03-25T08:00:00,103.58203125,103.6328125,103.57421875,103.625,50003
2026-03-25T09:00:00,103.625,103.62890625,103.58984375,103.60546875,29162
2026-03-25T10:00:00,103.60546875,103.62109375,103.58984375,103.609375,34349
2026-03-25T11:00:00,103.61328125,103.6328125,103.58984375,103.62890625,58410
2026-03-25T12:00:00,103.6328125,103.64453125,103.55078125,103.59375,162640
2026-03-25T13:00:00,103.59375,103.60546875,103.546875,103.5625,86843
2026-03-25T14:00:00,103.56640625,103.609375,103.5390625,103.6015625,75335
2026-03-25T15:00:00,103.59765625,103.6015625,103.546875,103.58984375,82611
2026-03-25T16:00:00,103.58984375,103.625,103.5859375,103.609375,75353
2026-03-25T17:00:00,103.609375,103.61328125,103.57421875,103.58984375,64464
2026-03-25T18:00:00,103.58984375,103.6015625,103.56640625,103.58203125,59188
2026-03-25T19:00:00,103.58203125,103.58984375,103.56640625,103.58984375,64991
2026-03-25T20:00:00,103.58984375,103.58984375,103.5625,103.5703125,30589
2026-03-25T22:00:00,103.5703125,103.5703125,103.5546875,103.5625,3738
2026-03-25T23:00:00,103.56640625,103.56640625,103.5546875,103.55859375,4233
2026-03-26T00:00:00,103.5625,103.5625,103.5234375,103.53125,10885
2026-03-26T01:00:00,103.53125,103.54296875,103.5234375,103.53515625,9500
2026-03-26T02:00:00,103.53515625,103.5390625,103.51171875,103.515625,6735
2026-03-26T03:00:00,103.515625,103.52734375,103.5078125,103.51953125,2822
2026-03-26T04:00:00,103.515625,103.5234375,103.515625,103.51953125,2844
2026-03-26T05:00:00,103.51953125,103.51953125,103.4921875,103.49609375,8408
2026-03-26T06:00:00,103.49609375,103.5,103.48046875,103.5,16600
2026-03-26T07:00:00,103.49609375,103.49609375,103.4609375,103.47265625,35459
2026-03-26T08:00:00,103.47265625,103.4765625,103.453125,103.46484375,31626
2026-03-26T09:00:00,103.46484375,103.48046875,103.45703125,103.46875,26776
2026-03-26T10:00:00,103.46484375,103.49609375,103.46484375,103.484375,26348
2026-03-26T11:00:00,103.484375,103.48828125,103.45703125,103.45703125,21649
2026-03-26T12:00:00,103.4609375,103.5,103.44140625,103.48828125,65224
2026-03-26T13:00:00,103.4921875,103.51171875,103.46875,103.5078125,93216
2026-03-26T14:00:00,103.51171875,103.51953125,103.47265625,103.484375,76184
2026-03-26T15:00:00,103.48828125,103.48828125,103.453125,103.47265625,72579
2026-03-26T16:00:00,103.46875,103.47265625,103.40234375,103.40234375,105085
2026-03-26T17:00:00,103.40234375,103.4375,103.3828125,103.390625,85783
2026-03-26T18:00:00,103.390625,103.40625,103.3671875,103.37890625,89417
2026-03-26T19:00:00,103.37890625,103.38671875,103.34765625,103.3515625,120903
2026-03-26T20:00:00,103.35546875,103.47265625,103.3515625,103.37890625,152474
2026-03-26T22:00:00,103.390625,103.41796875,103.37890625,103.40625,5257
2026-03-26T23:00:00,103.40625,103.41796875,103.3984375,103.40625,6726
2026-03-27T00:00:00,103.40625,103.4140625,103.375,103.390625,17870
2026-03-27T01:00:00,103.390625,103.4140625,103.390625,103.40625,9613
2026-03-27T02:00:00,103.40625,103.421875,103.3984375,103.3984375,8194
2026-03-27T03:00:00,103.40234375,103.40234375,103.3828125,103.38671875,7852
2026-03-27T04:00:00,103.390625,103.39453125,103.38671875,103.38671875,3283
2026-03-27T05:00:00,103.38671875,103.40234375,103.359375,103.3671875,19690
2026-03-27T06:00:00,103.36328125,103.37890625,103.359375,103.37109375,9836
2026-03-27T07:00:00,103.37109375,103.3828125,103.34765625,103.3515625,19115
2026-03-27T08:00:00,103.35546875,103.3671875,103.30078125,103.30859375,56799
2026-03-27T09:00:00,103.30859375,103.3203125,103.296875,103.30859375,29515
2026-03-27T10:00:00,103.30859375,103.33984375,103.30859375,103.3359375,33650
2026-03-27T11:00:00,103.33203125,103.37109375,103.328125,103.33984375,57504
2026-03-27T12:00:00,103.34375,103.3828125,103.33203125,103.3671875,99433
2026-03-27T13:00:00,103.36328125,103.4375,103.34375,103.4296875,165743
2026-03-27T14:00:00,103.4296875,103.46484375,103.41796875,103.45703125,119568
2026-03-27T15:00:00,103.4609375,103.53125,103.45703125,103.4921875,158417
2026-03-27T16:00:00,103.48828125,103.52734375,103.47265625,103.50390625,104207
2026-03-27T17:00:00,103.50390625,103.52734375,103.484375,103.515625,78369
2026-03-27T18:00:00,103.51953125,103.5390625,103.51171875,103.515625,86611
2026-03-27T19:00:00,103.515625,103.5390625,103.5078125,103.53125,68401
2026-03-27T20:00:00,103.53125,103.54296875,103.515625,103.51953125,59318
